<?xml version="1.0" encoding="UTF-8"?>
<project-private xmlns="http://www.netbeans.org/ns/project-private/1">
    <editor-bookmarks xmlns="http://www.netbeans.org/ns/editor-bookmarks/2" lastBookmarkId="1">
        <file>
            <url>src/hdt7/Association.java</url>
            <bookmark id="1">
                <name/>
                <line>33</line>
                <key/>
            </bookmark>
        </file>
    </editor-bookmarks>
    <open-files xmlns="http://www.netbeans.org/ns/projectui-open-files/2">
        <group>
            <file>file:/D:/U/Estructuras/HDT7/HDT7/src/hdt7/Diccionario.java</file>
            <file>file:/D:/U/Estructuras/HDT7/HDT7/src/hdt7/HDT7.java</file>
            <file>file:/D:/U/Estructuras/HDT7/HDT7/src/hdt7/Nodo.java</file>
            <file>file:/D:/U/Estructuras/HDT7/HDT7/src/hdt7/Association.java</file>
        </group>
    </open-files>
</project-private>
